duration_min,explicit,release_month,decade,release_precision,danceability,energy,loudness,speechiness,acousticness,instrumentalness,liveness,valence,tempo,key,mode,time_signature
1.6424383149190067,False,1,1960,day,0.4233509851614218,0.39253114006628836,-16.85203866984859,0.05273176965135327,0.39343803102662056,8.639177276277926e-05,0.04877526288409168,0.44838310993744823,114.80310382699234,7,0,4
10.535425008211323,True,1,1970,month,0.4752491246531932,0.13590331030845457,-7.577423368223165,0.04048998500224825,0.4102796685433963,0.00011822834875439825,0.03524137810389598,0.8172252884134363,139.1786427940514,0,0,4
4.608609927409073,False,2,1950,month,0.5393613239347713,0.16018671291997022,-6.1883346883829535,0.016137306534815835,0.4173301336397729,0.00012060132058448963,0.10801946660799165,0.33002676278159365,101.77014512143724,10,1,4
3.1952989382158363,False,9,2010,day,0.5244624424835838,0.3858835840616902,-12.860451664165401,0.013597184414400335,0.4698470251858305,0.00014002801505590126,0.03210840617339383,0.7391936787441055,106.3600124365838,5,1,4
0.593687046618212,False,3,1930,month,0.26909587773301263,0.4545487499111171,-12.950210738797507,0.03915056961847543,0.5476359635894461,0.00020624618878984486,0.004404331755992903,0.5356077757527874,122.55766535166468,11,1,4
0.5935870217011181,True,1,2020,year,0.4210825286330304,0.2901083054339106,-9.270608851739757,0.08645706495224158,0.8907779784422477,6.930651678526561e-05,0.33607459471549456,0.35358713317960433,87.46771403354634,1,1,3
0.20943569013038238,False,5,1990,month,0.658039220493806,0.3849251747655956,-12.783598680202978,0.12609543432053022,0.45957025060239054,0.00013102566703241108,0.07943942239185857,0.37160922992027295,85.98900453502591,1,1,4
7.039308025679788,False,7,2020,month,0.4846180795678484,0.265502880216004,-10.930663073129113,0.004813598241769366,0.2512827523213282,9.654093803239629e-05,0.2310663495741522,0.16507438005302844,122.61905671386826,6,1,4
3.216787537695426,True,6,1970,year,0.7265095435600534,0.39478911292624347,-0.10139105416742211,0.007233281415113171,0.5088009321161996,2.0658138899841825e-05,0.09394153599901853,0.35244205641768406,106.1010473907566,9,0,4
4.309375215966066,False,12,1960,month,0.6259677409000547,0.1522765658763387,-11.835128503729983,0.12451244516705351,0.5071992296399619,2.6025386330002307e-06,0.39865178534436074,0.2620397588616837,96.97009786211689,0,1,3
0.1,False,1,2000,day,0.43419425825124625,0.4692458423191434,-12.391700760106112,0.057354931393775066,0.7668580150432219,3.3483152327548075e-05,0.09544761291136564,0.37570499592040224,127.0674634589464,5,1,4
12.262451163054092,False,5,1920,day,0.3968072808049516,0.45733129551966495,-13.837709028175794,0.09225772835281121,0.5439134311384806,5.852505549570333e-05,0.12453854033840937,0.40653817779236917,98.76156681784013,6,1,4
6.252503401741363,False,5,1960,year,0.30156147586627075,0.6203313690836377,-6.879040142500315,0.009736910133649659,0.44227485535441635,9.599969453743119e-05,0.08697691737157401,0.2736788194730114,109.5097540090215,7,0,4
0.8354066883713145,False,6,1970,year,0.30562074761011643,0.5172373183202167,-11.506120866090514,0.03808627249238248,0.4063766457554843,0.0001896848891656341,0.04823239111193026,0.43563844081983677,97.07739064054974,6,0,4
0.7023764606238218,False,3,1960,day,0.48307169027378066,0.5135330887852889,-13.84686519160713,0.05193448347955649,0.6189828384081725,2.184616743075443e-05,0.23685786450526133,0.7351717132680274,121.06874372499648,5,0,4
0.7091399799128997,False,5,1970,day,0.4683549538281875,0.2469873568387919,-3.993479838634939,0.049010711413014635,0.5356315584199701,1.3415992141991448e-05,0.15580350511214985,0.8018311887429491,141.64152385433547,8,0,4
1.26963805311167,False,7,1970,year,0.4693867759706831,0.2772227961090991,-3.501984977431814,0.022553711194669566,0.6051299476092377,0.0003309893784984978,0.0026948521195573785,0.22976606556864532,77.7792014133577,2,1,4
2.6037474080129908,False,5,1980,day,0.6282991693859554,0.369258142344713,-13.602117828693526,0.0006671288089698438,0.38215616726385376,1.1433910210774867e-05,0.3910354077098778,0.5621445640217363,117.25315377501292,10,0,4
1.9793797337311783,False,5,1950,day,0.322410300178158,0.40100502128528037,-19.932699756803082,0.03760314529689886,0.5454023818812823,6.510288812117677e-05,0.07692368812296835,0.5577534993730052,132.131768837727,5,1,4
1.2047804739387953,False,5,2020,month,0.4641527861805704,0.3303785184333322,-5.562431550815389,0.012548519392276122,0.7122598112912291,8.808360648239415e-05,0.046451241531057924,0.5901500650572601,106.57044505388454,3,1,4
3.3122980586492954,False,10,1990,month,0.48642558814767095,0.5923667333729481,-14.02314912880002,0.025726873053951112,0.2858721359172559,7.79521133636326e-05,0.027543007164620558,0.4162156852268126,92.37915251408229,1,1,4
0.5258208505456854,False,10,1980,year,0.306626107250199,0.08091216956983906,-6.646872004186156,0.13588684815852337,0.37848657228285654,8.99598908963053e-06,0.05387025514191128,0.5984996593047501,123.41927054254808,0,1,4
1.209304292008408,True,3,2000,year,0.7049800142853776,0.35210434199485247,-20.450519088559176,0.02189642177169762,0.510954630017857,5.871753758696237e-06,0.22572461462100235,0.6155394010164731,135.033070067542,11,1,4
1.5969702637729646,False,1,1980,year,0.36662264154974167,0.23925120494792726,-6.1370133085034535,0.078747717761121,0.7401789720030064,1.114718490513115e-05,0.23595052877229739,0.7748449530791484,132.81044355290936,11,1,4
2.1312714075092125,False,5,1940,day,0.47716458553159724,0.6300944751580487,-16.655859646403904,0.00898360004036575,0.7916093679262672,8.808938680938833e-05,0.11519323717373346,0.5476051562257327,122.31818675829655,0,0,4
5.382776038608192,False,9,1940,year,0.4717989766470452,0.45360699602355015,-6.946179404667378,0.047994304421907816,0.40381492005918235,7.860190881629051e-05,0.6433752302693801,0.25454526054423837,116.95827475217284,10,0,4
0.779575517450416,False,1,1990,year,0.49463365739846854,0.381188065537361,-10.52863466081783,0.16222022945448356,0.7286422068203342,2.662347748861296e-05,0.10568281980604721,0.45124878524424644,97.01974889231397,9,0,4
2.527102042615947,False,3,1960,year,0.5772051787828052,0.2602052563477456,-15.369697096983224,0.004621045586086988,0.7945875427983333,0.00010154873441583881,0.13542618676901605,0.5185044689143229,132.30489900687883,2,0,3
3.141266524584162,False,4,1950,month,0.3211057835083772,0.45356532993002796,-12.635181564633902,0.00035925408338552883,0.6686698424510311,0.00017151735098465686,0.047055270259178446,0.4244716700929743,131.19913626705016,3,0,3
0.1664734741474299,False,1,1990,day,0.4130033479209481,0.2256479639691565,-7.168407715216496,0.024442247343477958,0.557658269944265,4.246809844643421e-06,0.12820859715388858,0.6065357770020035,92.23883362689466,1,1,4
3.2736655722736354,False,1,1970,year,0.7762805658014776,0.43872441531573675,-10.070527734423829,0.004179599816760229,0.5667428241392412,6.894140444876165e-05,0.2861187152389189,0.33579439728897575,122.28959455692983,11,0,4
0.6543643819209575,False,8,1930,year,0.38887619520224226,0.6366644870054438,-7.677935097637579,0.05933365977451772,0.464929353476249,0.00011689609749009922,0.4097351500501472,0.7889154861980879,128.0564775103957,10,0,4
0.23542375807756483,False,2,1950,month,0.4471725053664861,0.6207736996425011,-0.7177970774225724,0.10577175401454157,0.43153883366173634,2.9076940278155874e-05,0.21111454420597753,0.4742522706820819,132.64227544151012,10,0,4
10.407907277274258,False,12,2020,year,0.5328366831852103,0.28174587579045784,-18.42120805855526,0.024475524996013222,0.47298288853336756,3.6783831643820266e-05,0.02403695087418278,0.3104990965409239,113.50020761745559,10,1,4
11.797206198614104,False,8,1950,year,0.5729173331853376,0.6075499058773783,-2.5139371251568807,0.012872720047298726,0.47338346562948125,9.509802740777989e-05,0.0345603160305245,0.34800126509591395,97.84864851707712,0,1,4
5.7831605048450685,False,7,1970,year,0.46368071302198005,0.1495753946939162,-10.078220312383936,0.02450458339893385,0.4633080031877088,0.00022821482888279535,0.021281441818728243,0.7235225294513457,104.9576764027191,3,1,4
1.271507509890654,False,10,1970,year,0.5875448700534255,0.3545284946067841,-15.09392024161564,0.055270297334110555,0.343389530679807,0.0001660333498038797,0.0667952789565361,0.34783104274552773,94.85500283088078,6,0,4
0.35972060250877186,True,10,1920,year,0.5164348826133062,0.28836963151948813,-17.25156812869495,0.0003911021831108302,0.7860993133932322,8.749813819698304e-05,0.10869163127994887,0.5574112115390851,113.97878669770036,9,0,4
4.034627670845316,False,2,1990,year,0.35910522048854565,0.1193402274120401,-11.545601953885168,0.03828149270844755,0.5241382324734827,0.00013101548342128917,0.03427810431161998,0.7431884926307066,110.06229206862619,10,0,4
2.0303179490488943,False,6,1970,year,0.36812070450871137,0.5132858828740476,-5.991749440377703,0.04085363684764226,0.43705320583951024,4.5385074468719914e-05,0.2332930902444912,0.3363698809874729,157.90072841537415,5,0,4
0.45553281884057023,False,6,1940,day,0.5458240437621448,0.5654300606457472,-11.23774560188767,0.04365576037818621,0.29229224436400497,0.00010243368730946448,0.05937029537384731,0.7084811984421195,132.89354284876265,5,0,4
2.3924152984695253,False,3,2000,year,0.42491018216714666,0.5506913758088303,-3.0442253487632627,0.011915343990135267,0.6588274152502508,6.276995561461796e-05,0.16989977364352635,0.6285838399116905,134.39096133778193,10,1,3
0.1224780250521768,False,11,1930,month,0.599624723699898,0.44443919566696066,-17.855878450257794,0.05383375680319047,0.43222537659889754,2.106421905441135e-05,0.2629567509064814,0.2690850697160983,124.42704981655457,8,0,4
8.401480105875583,False,2,2020,month,0.39167046558289886,0.4422504082272398,-10.660444739230272,0.004121161091050948,0.4959467505365489,0.00012097839023553798,0.11694402803191653,0.5861363805738138,107.65364706662965,1,1,4
1.0481022189424012,True,12,1990,year,0.663674282297065,0.669804948996484,-16.861967222065594,0.009555971166344131,0.4200064397138002,8.129777450083196e-05,0.2909610140004612,0.6937413638071345,109.49220082363853,3,0,4
3.801895294977431,False,1,2010,month,0.6188502510204108,0.3360352896340143,-8.78184058687516,0.09027418975656239,0.6433364242707239,4.441356404862513e-05,0.1657415592465974,0.2398697554646873,111.32261400366758,4,1,4
1.3074130358016829,False,6,1940,year,0.30457182083065326,0.6457547855338441,-6.165563049513498,0.057713512471749155,0.5903842034953015,0.00024229373145685692,0.10055380155828056,0.46684459526234573,118.76466545402268,0,1,4
2.5693881356823,False,12,1960,day,0.2613085542218138,0.33278578712975326,-12.703808968405266,0.0005951586509338387,0.2413292705836476,2.115634333969269e-06,0.09075100995141422,0.4906448287387695,122.78339620446897,7,1,4
2.7692832929362914,False,5,1970,year,0.5825110214677388,0.41979402112481,-23.621069283135668,0.012277335338798273,0.7174694219374506,3.794657661233292e-05,0.07958276816829063,0.4055256052844463,115.01417255361044,7,1,4
0.7153600982776701,False,11,2010,year,0.3854520947372697,0.26928215211241535,-9.605259266017526,0.010376578293114324,0.6641741449014342,5.856323307762119e-06,0.2427852547835289,0.43322144073837543,109.18803045313733,5,0,4
12.224824964576793,False,9,1970,year,0.4322935652397885,0.31407614999929795,-8.416307241332452,0.013580084313578945,0.5509318528407346,0.00014546901946764357,0.20209542230027128,0.3373166974103708,103.1176873902403,11,0,3
5.222858819983493,False,1,1950,day,0.2232018446766833,0.5016698542592962,-8.578526225191512,0.012230649721656264,0.42904262207933713,0.00012110224417773461,0.14823602860312285,0.5357397488786204,87.14702484433494,4,0,4
9.817830467520539,False,7,1940,month,0.48757277850032005,0.19270199679509592,-4.421089040889229,0.0027763625239025317,0.7070967281056293,4.0249784290157e-05,0.03177423866861987,0.10077527245619358,140.66758330093302,7,1,4
7.882531991369688,False,5,1950,month,0.43143672852584297,0.5261033578890545,-15.955268398245245,0.026411720379711824,0.5642155952301449,0.00011259718787702627,0.07816620245020796,0.4978493320413809,159.11059136530827,2,0,3
3.1886904433414625,False,5,1920,year,0.44476562152512794,0.5233191735932523,-7.198919472747752,0.05673888255806863,0.49193825150458875,5.04077156308529e-05,0.059098122833594065,0.4745238562200343,138.986735618565,2,0,4
8.923023827442918,False,2,1950,month,0.25610433524776854,0.5029413337044577,-4.637462437610125,0.04013032042488144,0.39146131342680235,0.00014116277237787305,0.007787344580687883,0.45198950774733415,89.81868748138507,1,0,4
0.32429410633590466,False,11,1920,year,0.5967192713636272,0.2851570119347738,-19.49293792003258,0.04804831757503532,0.5398314904789695,6.0547273846387246e-05,0.045272792537109446,0.5996089082864429,130.74033139281784,4,0,4
0.7634714312094361,False,3,1920,day,0.6942540029572618,0.3135652115888542,-9.001740870405113,0.0036391543636123827,0.7613972454514824,5.3150417188266176e-05,0.0354023399029906,0.5085868301894944,135.47552603241633,2,1,3
0.16198687990391183,False,7,2010,year,0.7664249200191572,0.2649473491184166,-13.120899155038357,0.1301179981352626,0.5366895266097181,0.00027292214715342707,0.12619867663237225,0.5137380387999891,106.93124602757284,2,1,3
1.3773623038108038,True,6,1970,year,0.5380719594620048,0.35470613335321544,-11.007613365508229,0.07839758164580643,0.3265276445305805,2.888548931247548e-05,0.24156636194661235,0.4398676626242833,124.77854479278058,5,0,4
1.722456021279765,False,12,1960,year,0.38637067734466585,0.45624207741229866,-8.861617582308318,0.0703144169779925,0.49695288983162805,1.283418416641144e-05,0.09812806919661084,0.3948523842359957,105.87393934954761,7,0,4
1.10796155123089,False,2,2020,year,0.6431533033756124,0.49737482072133415,-13.036142820567761,0.07445510430715342,0.5035410557190476,8.783764324276201e-05,0.1165915954278164,0.46507556325950244,145.5785798962748,1,0,4
6.175952528343268,False,6,1950,month,0.4709101509056365,0.43411161062243075,-13.978540395808059,0.1160463013074445,0.5498526369604108,0.00034842033747681966,0.15405936282992133,0.7162012081276297,122.30741844430628,3,1,4
1.5442944983545455,False,2,2020,year,0.5540168479068144,0.3171040434502336,-10.429237912559877,0.03379024141755151,0.44486218282068124,4.7455672081713415e-05,0.13778703376705098,0.5709916272284781,96.65689017257904,10,1,4
1.1543099404698722,False,2,1940,month,0.4083863878235931,0.27544652756499344,-16.036229694314013,0.009610333839371921,0.4725281686820593,6.404452437809837e-06,0.1676793101648428,0.14329133344112005,128.39616196018676,6,1,4
2.738424791227111,False,2,1920,year,0.3703345731866104,0.5722816821401339,-16.029125644425925,0.041243684642295865,0.2892299712329477,4.1446337229466075e-05,0.3054269999662034,0.5623602779580492,136.17561346980494,0,0,4
0.531643517372201,False,11,1970,month,0.5464661104227722,0.48342582300129994,-7.203133585217483,0.05840338200809792,0.598031452468707,7.050814197840705e-05,0.12438439747595706,0.6330502005923186,118.96263302271751,0,1,4
5.671692585211559,False,3,1930,year,0.5849127430348003,0.6000601890624507,-16.34397017579328,0.05758110789205622,0.4249299691156796,1.7664530519334425e-05,0.3272926871138609,0.26934770581332673,124.58883383486537,11,1,4
0.27116554083958155,False,2,1990,year,0.5268908182819527,0.4702663817076744,-7.26843749545394,0.03169067927145875,0.36296007268723485,0.00010732434698001364,0.14678658191710278,0.6148949992705589,113.60493141542405,9,1,4
15.169512188555618,False,4,2010,month,0.6142103579056365,0.19355806669813372,-8.287043535730245,0.0030493352642425938,0.7005461558320868,0.000609655354860716,0.12496386107964057,0.4944616599126657,92.31439093707533,6,1,4
5.1781932168452895,False,9,1960,year,0.6506185839380768,0.5964867602906581,-19.22903364395298,0.01994355440252066,0.7380604511302269,6.0100469621209254e-05,0.5656754385771682,0.796493593633417,111.96532483158984,6,1,4
0.7753880417706008,False,6,1980,year,0.47876204280886936,0.3649164402417649,-13.987823261678276,0.10902037072424045,0.5661702954841668,4.3808420843689925e-05,0.21017024732769982,0.3567279026183564,125.46079265927116,0,0,4
0.1,False,1,2010,day,0.6250005041115416,0.6305487309309817,-4.629452984763137,0.03776043758904251,0.7849266285176322,5.119999243779213e-05,0.01141736225937057,0.5333083577845968,112.43946264033524,0,0,4
5.914638721201441,False,8,1930,day,0.6256165843406292,0.3323994566896326,-15.505827655698408,0.03323509293550011,0.7262732053049175,1.2233282094473485e-05,0.21052244518602375,0.4009011046067796,131.0153085347918,3,0,4
4.294835675854657,False,12,1990,year,0.4906224478148962,0.776011724459244,-12.922021311546938,0.013465082289192144,0.5600424400885493,0.0002147922556412585,0.04557254468284728,0.7214610311891791,107.15636877604831,4,0,4
4.569820180757996,False,7,1930,year,0.6838443825803866,0.4235795191290238,-8.289695533740517,0.019761787502785327,0.3935068732524229,5.358454514010093e-05,0.13458637763728776,0.4468566640206919,108.46818345098345,4,1,4
5.163250841152297,False,10,1950,month,0.29220016563713136,0.40064001806000193,-6.683047453587022,0.09705514778253724,0.5029522415222101,4.898380964941422e-05,0.038181259431464866,0.7377684352683967,131.6223999598781,3,0,4
0.26925242929828724,False,3,1920,year,0.41406707091586603,0.5378055220790573,-11.857694430222478,0.0472140695630808,0.4358496303533099,0.00010778991140767758,0.17520120260075017,0.27699746250406987,119.43705033606089,7,0,4
1.5536243534568137,False,1,1960,year,0.6176908966388512,0.09864215232380655,-13.587550973458207,0.06657611710222329,0.6433196347587311,5.834562125363503e-05,0.30592347245718177,0.5103431130745225,106.76556837688817,6,0,4
0.4310253661155738,False,5,2000,year,0.7547031978724512,0.36659136316143265,-3.488150691507461,0.026048073296115835,0.47438230990538505,0.00010447875870993431,0.18206220031817366,0.5434394223943585,135.67610752017248,8,1,4
6.95985350080378,False,4,1920,month,0.5091451585231425,0.6614383068810663,-1.9055016810121046,0.042781588266265935,0.3536955162387921,6.341519511073911e-06,0.11774365910437777,0.6107472841629398,101.22528564098944,6,0,4
3.417054170993309,False,10,2000,month,0.525500142830617,0.2625824353502917,-5.705709746091022,0.01227775573744254,0.5358536373787989,0.00016805223110088113,0.0857639713250065,0.719591822832673,100.46102081965302,9,1,4
1.4063658043795535,False,8,2020,year,0.3750000288254541,0.45940815073201113,-10.173409287174879,0.052560761065971316,0.587166118189699,0.0002821845403585395,0.373984623762512,0.5362394789431243,58.411023778718516,0,1,4
0.2298382303167401,True,1,1990,year,0.8883998628951908,0.37438071232419895,-14.641328608204631,0.02399054113686158,0.24223136365956424,0.0001046300863306092,0.16876282733522957,0.2619074839324753,103.92062902845106,6,1,4
1.303709226436238,False,10,1970,year,0.5978131644644465,0.2349586599140141,-14.752222032782825,0.025128100055870933,0.3402238659751193,0.00030914929897284224,0.30389236210712184,0.38748620041163406,141.17433357844564,0,0,4
1.3765997461444597,True,1,1980,month,0.2381432920114018,0.5143595643214234,-7.987429473671212,0.045059174585287756,0.845033579647879,1.6420542656418182e-05,0.24985376320889932,0.29898948862721053,73.55414627655122,6,1,4
4.577565243852093,False,12,1940,year,0.44154931087315735,0.3860158138445408,-8.508008895556582,0.11839046152571873,0.25069711609052453,6.48969905097928e-05,0.10457465470635166,0.7860944054067229,95.96159719541565,9,0,4
3.55211275624107,False,4,1920,year,0.6675623108446468,0.21801885318664127,-3.5920070352678524,0.0028443030729688604,0.15310470251392455,9.208177984579845e-05,0.12294596826605884,0.5552526681829137,123.7813711178034,7,0,4
7.637881693405301,False,8,1960,month,0.35000526190327563,0.47232739421886794,-7.347749537319304,0.07488463610390753,0.6106813360047442,8.716440147501634e-05,0.3514617208209741,0.4325512944929575,70.10266452214545,10,0,4
2.2367314668170843,False,5,1930,year,0.5000740693570097,0.1880028481966527,-18.11540150879909,0.01487165527028383,0.4496041720892961,5.1326489485195774e-05,0.12912617198321127,0.5456763832829858,104.78602772980472,8,1,4
0.44580337765425665,True,2,1960,month,0.2715791063736373,0.507339009327147,-5.340261911385407,0.02523421155679954,0.6680085949965743,4.126172377703469e-05,0.08590126134987619,0.5799008339779235,137.81726431221492,11,1,4
4.371942205108098,True,6,1990,year,0.5827471303997765,0.2748218043888791,-15.590303136572064,0.0009527506555471838,0.4503951841830801,1.3561816562204485e-05,0.07543425038429301,0.5453325161253976,155.8605160369798,2,0,4
5.006374635769024,False,5,2020,year,0.4959877909404685,0.7456515465935478,-12.519856359761757,0.015401329718494467,0.4269802979407834,4.971568856606812e-05,0.2548014886841356,0.5919235288207692,120.80493131334065,3,1,4
2.8836062321004006,False,2,2000,year,0.5887760539685853,0.31412450029248234,-9.348998968741528,0.03003221314310806,0.41969396288424227,1.775260517571392e-05,0.09162312628863967,0.6466714929714491,96.47065963517765,3,1,4
5.158614883524776,False,11,1930,month,0.5598355191706141,0.3856877952560322,-0.6216625510801776,0.0024860730724620647,0.545712748615784,0.00013256346396548662,0.1052235707379567,0.33295192580995064,95.79742522703435,11,1,4
2.382851560285973,False,11,1940,day,0.7116297659273733,0.4572879784654082,0.0,0.029046300203250906,0.519186719711544,2.3424359890036163e-05,0.24162601876949358,0.503516434146963,117.89815938661808,8,0,4
2.5888759357204347,False,11,1940,day,0.7307186497484802,0.30974100272169314,-7.566384704319086,0.11260893539835685,0.7040328361360256,6.035029631193422e-06,0.02700365222435947,0.560174137685552,120.61926642330198,6,1,4
1.9523496786794956,False,3,1920,year,0.2535193948960973,0.5583849100475393,-11.515983093601939,0.004788953304905456,0.34004365946394943,8.037796526293843e-05,0.15855396673747008,0.6593296822995764,152.15857520116498,2,1,4
0.1,False,9,1990,month,0.5391253747737598,0.4195392141523691,-7.927471757597248,0.06216908660476845,0.484223735547625,9.044356141002722e-05,0.2918717723000641,0.6538673269934655,134.41609705074407,9,0,4
0.39958602317153047,True,7,1970,year,0.7257360985832975,0.15546282170256187,-6.161722870630819,0.022664240514284978,0.5174961557671616,0.00020550460368743374,0.16082566908283405,0.3921419974259191,116.68212975776981,4,1,3
0.11176788452568838,True,7,1990,year,0.4919859085756714,0.19646843424868232,-12.203338127785958,0.04578272389216529,0.7159294107971547,8.603396314188838e-05,0.13569600289611955,0.3319422205606717,108.29585493481163,6,0,4
3.541053428246423,False,11,2020,day,0.7787350417250688,0.5814064682226074,-1.6239432204383881,0.012961269449326303,0.6513705404925607,4.2385444077272643e-05,0.19926506243523137,0.4769365717406104,175.2942341860442,7,1,4
1.3208884807828494,False,6,2000,year,0.4555448956021908,0.37181321553052316,-9.449646204042988,0.007471212176992881,0.7419588996478795,0.00016246118643793573,0.2049178293771922,0.5727765884271372,127.53189599991791,0,1,4
2.4865301199696654,False,8,1960,year,0.6139880495043213,0.37475535668098736,-8.111284554543028,0.007520883615513414,0.923195093189644,7.771352629046919e-05,0.13940722326649194,0.7033636503583229,101.6249657284491,11,1,3
8.334429354460914,False,4,1940,year,0.7568632472667144,0.3676100319853267,-7.270378739727693,0.0031432916838288823,0.5920334548847799,8.259961546174387e-06,0.01739120377005102,0.33892087166069385,110.50754152817045,1,1,4
1.0035858804415443,False,8,1960,year,0.32772186823640237,0.27629159586109564,-8.492066946927721,0.00883052229814063,0.2629860566958864,8.343664730746036e-05,0.21085860630283956,0.22317295487941627,97.45090519993799,6,1,4
1.848986912089354,False,4,1960,year,0.47791214825799916,0.37153372863295114,-6.405297497651938,0.04692578234281228,0.7969421544065157,0.0002386168302923454,0.040872916354620856,0.3436091999418501,66.9090094829922,10,1,4
4.930622016385042,False,8,1960,month,0.7465069265166964,0.36380403161433233,-13.686265932734615,0.09178144254710238,0.6446169499598223,5.0469880692871184e-05,0.24135770527244696,0.22487730276118478,121.25301982414645,1,0,4
0.9093180492108791,False,9,1940,year,0.5923436512212107,0.7356847184072256,-13.391508769730152,0.07235543619444051,0.6712309026346667,3.5143981673243974e-05,0.016800615794350614,0.5735056894400103,150.6490843311463,6,1,4
0.2803649749256173,False,3,2020,day,0.5604721982703401,0.42079913592652307,-16.100771164858475,0.04969119180036765,0.31610322444957056,1.548653016296284e-05,0.04733975356357799,0.5564682891479934,82.38885595505391,8,1,4
1.1974910636046998,False,3,2010,day,0.640477324739213,0.4010975231906581,-8.402493846898867,0.005031824473857153,0.6413362779476648,1.642209912249668e-05,0.14771896172707494,0.6217306819198942,116.10525191758036,10,1,4
0.6153292547502199,True,11,1950,year,0.5385897045706179,0.39107789018680633,-6.70531748243943,0.014677900423830475,0.5939156288758415,5.6699303059531796e-05,0.11236923046171345,0.3460258503268735,100.86190441724806,1,0,4
9.292325300582187,True,2,2000,year,0.5818731108163296,0.40260692584728125,-8.31113566924057,0.015943704677786434,0.6023568597979203,9.055482004430834e-05,0.09952328087046464,0.643310462222311,125.43005051139706,6,0,4
5.778104781695993,False,10,2010,year,0.5510219345345745,0.37184284339776896,-2.2275378332623124,0.012367860779736681,0.5338093597225687,8.405075142757005e-06,0.4759438072986891,0.35539880850081507,111.55339686550869,3,0,4
3.5122296668218587,False,3,2000,month,0.44072470224081634,0.5054721729228832,-10.627980094145233,0.031115576477545048,0.639425829923764,0.0002806246259967892,0.21164235020627772,0.5808116169536436,87.79890691164798,10,1,4
7.180319056822846,False,3,1930,year,0.5158654031180794,0.3613517265260089,-7.256291722037437,0.03297711206641329,0.4315302820720219,0.0001407042594537049,0.0174150999733013,0.8125769736582292,95.37792572100528,1,1,4
5.697891292591947,False,5,1990,month,0.7738342005252085,0.5838635938339415,-16.058504380696572,0.018981629230442082,0.6163765490037869,8.833974908917388e-05,0.2584825214203459,0.33706658499155706,98.39398936031586,6,0,4
0.7227341672552368,False,5,1990,year,0.4043474003259343,0.3501654640246807,-12.535498512372005,0.01877506629774778,0.4211341483819537,0.00017628144724468804,0.2112794029534487,0.37590030160624044,141.88636415974415,4,0,4
7.807846918324463,False,2,1980,month,0.6769554932497239,0.5414328204489334,-7.1223112121711125,0.07583033879201476,0.3080887858765796,8.358462608054216e-06,0.12726668791362306,0.39320525708976356,140.86518553860301,0,0,4
2.712849656881602,False,12,1990,year,0.26045985527420296,0.5486583387501333,-6.35448944628428,0.06696329869957036,0.8021175902082067,6.478657891939864e-05,0.09304116569036135,0.4055164170181634,108.77304225774606,4,1,4
5.765719019562482,False,10,1940,year,0.38433756133043284,0.30299534403086814,-12.06983473832091,0.015818596016138258,0.39520813810129535,9.945039992448852e-05,0.22420782991826232,0.36090313771165333,139.55606866902693,11,0,4
7.92484927250181,False,6,1970,day,0.45377599605428875,0.19962042418236986,-10.957996259290335,0.10539089508562181,0.3680921089190955,0.0001764063990935424,0.17654542609312532,0.43221153589117894,111.53632321207652,11,1,4
1.3395575074641146,False,5,1920,month,0.4949438253122762,0.6562988193348154,-18.189368733404045,0.13130822253537822,0.8142007074435088,0.000153002414118855,0.25349400843500647,0.4652614243864174,108.46674483099626,2,1,4
0.4080725604334779,False,6,1980,year,0.42553330333974565,0.3552807988638789,-12.385146004033047,0.01701198120087498,0.7316666173608812,3.24441842480381e-05,0.07319947928336563,0.5968476883051157,116.1423568110235,6,1,4
0.9054036114878348,False,1,1920,day,0.3389508633137899,0.4189218219632837,-6.148084182401068,0.018817393706340016,0.3612545562657816,0.0002828188870397797,0.08307960771754057,0.6600414488761338,120.69650557247273,5,0,4
1.9497019246201504,False,5,2000,year,0.21895191246363496,0.28955950797146424,-7.723974919467168,0.030292616598146985,0.5255190467150649,1.3278406215222638e-05,0.04739534802829056,0.6122762483238722,103.89110414269997,7,1,4
5.963404043236308,False,9,1920,day,0.5235383343274997,0.31233975972192596,-8.096671393093951,0.12178750699269816,0.30005127894262573,0.00020805110623824748,0.05967221998501212,0.5178668136397612,115.43731484364446,4,0,4
6.899707401579416,False,12,1920,month,0.5222465211408567,0.6000112145597727,-10.3511315640952,0.08987228376838984,0.5108991618013142,0.00035384012101617664,0.11726623089667551,0.33782711789921044,130.74645011293046,1,0,4
0.1,False,10,1980,year,0.6088561462179639,0.6038926790846346,-10.564684206859118,0.004653369090004333,0.4671961614641706,1.949856366812427e-05,0.1700032084118311,0.3342776499149427,117.59079278412094,8,0,4
2.502066557684945,False,2,1930,year,0.254712593971601,0.4487998081630556,-13.901605697367234,0.021447669010064046,0.46050819159722906,0.0001280371834553412,0.07311877583785725,0.3296407691755541,115.8556580424864,10,0,4
1.8909566232153496,False,1,1960,year,0.3965145572446149,0.3699946083362342,-7.105857898987326,0.03465917955313146,0.7141713114130156,4.111945415073309e-06,0.1524250848387198,0.40269746138612045,124.8836042856159,7,1,4
0.8790856839653858,False,10,1990,month,0.5569385595681036,0.49202190340797014,-8.49513527805305,0.030075568809714927,0.48079852987822697,5.199047565400113e-05,0.3218281523110053,0.36538679646692834,128.3341212171722,5,1,4
0.44688137040976383,True,11,1990,month,0.597529149904882,0.319754770735151,-8.139905760036003,0.00926657138035163,0.8080409130497614,7.26255872558168e-05,0.195564380660961,0.6244005822703524,113.74768362774155,9,1,4
1.4416800295185137,False,9,1940,year,0.7170634275985492,0.4311191630608809,-13.230174213337902,0.08418095968910168,0.4600190456315697,8.690380011158258e-05,0.07755292172993074,0.4881448818535574,105.51637885843702,6,1,4
10.020923929419023,True,10,1980,year,0.21903653038572607,0.26209588771662945,-21.36671459935622,0.04858654444208644,0.6195477996269266,0.0002747892179878548,0.002270998340688373,0.2691580384899762,118.78406606948471,8,0,4
1.3663433100851603,True,9,1940,day,0.6226504445340312,0.24528898716348585,-5.1142364412315215,0.07824252120087595,0.32722808362499134,0.00011155062533479857,0.1556499612606084,0.760904899467209,83.12072540353401,6,0,4
2.5600848201605317,False,9,1970,day,0.5530356895073897,0.4543920058596573,-12.99418728004202,0.0841649752926334,0.5005270699923734,6.563870907573178e-05,0.07186476033410981,0.6786481567716328,110.7935600899229,2,0,4
4.249304419082992,False,6,1970,month,0.6933087894052881,0.4284765491980279,-14.913878820215603,0.0593287902082993,0.3973033373834078,0.00016590223323370448,0.05272763482618613,0.4581096486120109,65.56880183371479,5,0,4
1.5819107463843682,False,8,1940,year,0.2921194248132465,0.4145439898833602,-7.132605440430031,0.02487162343123732,0.5755068015447056,0.0003006445878906102,0.15024500707972804,0.5425026884036024,81.48416433127,10,1,4
12.487293484020949,True,11,1980,year,0.4004528914628565,0.3371383891823189,-12.560063199595648,0.04054949275536314,0.6634247900406415,2.231324792424268e-06,0.2658290971524685,0.722386057468032,78.47628301166579,10,0,4
11.487034525894893,False,1,1940,year,0.6106058941387245,0.4523362703091879,-5.300318079766891,0.0075159050301520465,0.49904999598450084,0.0004046770694929838,0.0983465728636174,0.5205767582082548,135.94703484906103,6,1,4
1.0152145324727184,False,10,1990,day,0.5582907332300514,0.32117519447209447,-7.5149702521165125,0.04815014492673094,0.2875157287566071,9.006929025930422e-06,0.2689560111003444,0.4628171426644372,115.2796363193865,1,0,4
2.406807474623465,False,4,2010,year,0.47452509166691387,0.1514323720562511,-7.182153383997612,0.008494249643937793,0.49640355132133707,0.0001684090228778804,0.12121251922898921,0.5439863957803716,89.7590195356733,2,0,4
1.2527566102766636,False,1,1950,month,0.5749145871947998,0.382378193675635,-17.42977855600267,0.050912234509206476,0.5982304429105757,3.289691091865907e-05,0.22606660658750197,0.42298470434345536,124.82132086890712,3,0,4
1.173373867333786,False,8,1920,year,0.22691325811565607,0.25325612138137843,-4.540280073067997,0.011216250337732778,0.3724250224295623,1.4177056472400685e-05,0.32295740086069447,0.5641602187581088,134.77308958733036,9,0,4
0.13154567217932886,False,1,1950,month,0.3096592922091687,0.5129605339912502,-9.29374734383072,0.005377348760885001,0.6007830942638362,5.7956074224880716e-05,0.4523718093100548,0.5783934782909698,125.16971112294748,5,1,4
3.291722248439076,False,3,1980,month,0.5209308473007624,0.6109230769771115,-12.446385696231015,0.007768565714551085,0.3292721342876039,0.00010327025877237972,0.401351501951246,0.6059899746042896,111.22579743014828,0,1,4
2.4448187149037346,True,4,2020,day,0.49398883290996687,0.6920575060009976,-9.883057663288744,8.574725286755691e-05,0.45019620895866763,4.795722145309514e-05,0.2703402849704227,0.36396774777646124,119.64973236838735,8,1,4
0.1849788058313737,False,8,1950,year,0.5719655689515326,0.060150307701133054,-19.4811761644916,0.05454439970938935,0.5713822395894944,5.611057178814853e-06,0.060852064939825486,0.5137423351742298,133.02993066285464,4,1,4
1.1431907235362928,False,6,1970,year,0.5043102200470688,0.4715816286237727,-8.556735942596646,0.05668543245230345,0.4828707953522195,9.149444876145364e-05,0.17183978584691997,0.6077184249615984,105.61508324674688,11,0,4
8.36101332881269,False,10,2000,year,0.4089971505299849,0.40095493171031715,-15.746857540910359,0.031109165908963197,0.6577755911013121,0.0002326911352834198,0.4273653387439276,0.5660893160086299,115.59733846515651,6,0,4
0.9585119324972697,False,12,1920,day,0.6644771977699797,0.49618186188497865,-17.363351429217673,0.0075670147341524606,0.19377191201817376,4.8323536940917806e-05,0.08710981822144179,0.5389277106002414,109.85613910787137,8,1,4
0.5478580134491442,False,7,1960,day,0.44806578751638976,0.34412900387724715,-18.211795931089455,0.0037518575655328987,0.5545946502222047,2.437708100047209e-05,0.27517849986308807,0.5820111691977857,82.73168294695029,8,1,4
2.352952383157727,False,8,2020,month,0.4477948797350992,0.20812315452656538,-5.036558125050373,0.0008305145696374355,0.509340894057925,5.844315223719653e-05,0.1576902085822949,0.35781447657216026,133.33136361288604,0,0,4
14.854129439153409,True,2,1980,month,0.7540733970426331,0.33712520847578653,-13.746316968463944,0.00779245897294792,0.6447022099793069,4.957131579015187e-06,0.09276250165157461,0.43001527206316514,156.1454372998802,0,0,4
0.9700068474590418,False,10,1920,month,0.2920561061115442,0.5879896253464686,-2.931361450417503,0.09524856500743428,0.6289048652314785,0.0001717510906204938,0.22992750841061688,0.3998357326817518,97.5241075751762,2,1,4
3.9030425360405268,True,11,1950,year,0.4579717258855657,0.2951279590977606,-13.279007315261488,0.011887825285958923,0.5723314796103164,0.00017506605841186132,0.28156464011879906,0.5024755722427483,134.253604697726,5,1,4
5.01860669183812,False,8,1970,day,0.5344593505006143,0.40576940577204945,-19.136789787964734,0.018807162607847032,0.6678780457172259,8.867330544624384e-05,0.0652862678356065,0.689657916289324,98.16012440476798,1,1,4
0.9496661031753202,False,3,1930,year,0.44600773466902544,0.4515630048969815,-16.182622199743296,0.004786659010671569,0.20716963158838925,4.355680217612903e-05,0.3161165196333752,0.38308674726290043,117.65575630154129,9,0,4
4.559621249723106,False,7,2010,year,0.3992040933614719,0.11545957125361249,-4.420941899965307,0.01081421038045237,0.3891038900848125,0.00016083553208767813,0.20463201161047384,0.5208075400646727,145.16024547579553,11,1,4
1.604829797425064,False,3,1960,month,0.48249557213759503,0.3897812678003543,-11.379490889683337,0.03149126504382407,0.42978556562678416,8.089779289437241e-05,0.12308936899918384,0.4032635323030537,104.59122029215779,10,1,4
3.5017631170611994,False,7,2020,year,0.41420230680563175,0.38434727519320033,-13.341436482453005,0.04024209728945481,0.6778709859337617,0.00017483110240989265,0.27483337368392746,0.3448266566499752,114.70627171216253,0,1,4
3.513432394981734,False,11,2010,year,0.6483543032012755,0.35498488745977563,-9.799908870736061,0.012104684036722838,0.6038649371368744,9.982027488638808e-05,0.10719592112774583,0.5307562331107923,78.96994006983846,0,1,4
2.685848374833221,False,12,1920,month,0.21971095711403124,0.3368127606794539,-8.091086319162274,0.0025570256498703057,0.30564294508773565,0.0001534355826228695,0.17453358767650257,0.3513557165907263,101.71591312107537,4,1,4
0.33120205584067336,False,2,1970,year,0.5456709386272478,0.45631519500614287,-5.0130059204876956,0.02132761235600516,0.5395023779837498,9.12704652593895e-05,0.28429144703872367,0.5235897976754575,76.87455355998588,3,0,4
6.312756779862039,False,10,1970,month,0.4374642499834295,0.22490673766940855,-3.3575038505353687,0.011474061596757401,0.5996160642653239,5.346762491288786e-05,0.20466021506584872,0.568547060705131,123.58356239749997,0,1,4
1.353836027835888,False,6,1950,year,0.5345094503989699,0.5973318346796155,-12.398843228945427,0.010659254067296987,0.4648110919590454,0.0003168797441431948,0.06059545038414508,0.37242220796784725,131.63275117903154,3,0,4
0.7225123731264479,False,3,1990,year,0.5678798198293422,0.5947729922914283,-17.23023843041019,0.13826442574475828,0.30893395416379654,7.789530841603293e-05,0.026262964681525464,0.4986166489292069,110.56730226858392,2,1,4
0.14570415928020822,False,3,1950,year,0.37003675655564916,0.5399598185627352,-12.667325805616379,0.041189508570492854,0.44990345002483095,9.290961689818496e-05,0.022749441185298404,0.7698958706633466,120.71773934513584,1,1,4
3.128224416081042,True,9,1990,year,0.5369288010480803,0.14774532726493053,-9.29859746708557,0.03499817953303064,0.8156741902188025,2.4908673354107243e-05,0.10952068224123447,0.2519291963387838,108.48539089499106,8,1,4
3.9614810699357212,False,7,1990,month,0.2503325823151879,0.2983237299897995,-15.418794631053053,0.02311117876385293,0.8514265361367788,9.825661991023144e-05,0.06110511835665913,0.4567465292201421,129.81090731748873,10,0,4
0.1,True,5,1960,year,0.3007992949233185,0.5099013624955911,-15.385754574475214,0.024091549131929298,0.5278065417197441,8.477157965038725e-05,0.006714105072186709,0.7842233123394607,117.58923870250398,0,0,4
2.511707045923209,True,12,1950,month,0.6087149894579551,0.47319237906526657,-8.881060592250572,0.0334754194618521,0.5350784606434231,2.0436890066951595e-05,0.08368041804750398,0.5628319386105248,75.2867328839288,6,0,4
0.8988845146923518,False,10,1930,year,0.4607554477111557,0.5753946540993772,-10.843261757852256,0.05126212392772361,0.5997908855833148,6.143624202874656e-06,0.20034159594480086,0.673471465687512,133.7996163618564,3,1,4
3.6264351954169216,True,7,2020,month,0.6864058488418183,0.34410232062298324,-10.436015022942067,0.05207954323840697,0.5553625937214345,9.272488526568422e-05,0.23006608841568796,0.6895178882199974,107.20914410833693,4,1,4
0.6706147788869682,False,9,1940,day,0.5103199861446178,0.4083739217221904,-14.392476673500347,0.00810001819772779,0.41162406972744925,0.00014426203799216213,0.03766339488577948,0.6655352189016264,89.5924105758319,9,0,4
4.109743846487017,False,1,1940,month,0.4340408013274487,0.4153539913116645,-11.752003571028837,0.029815026536152603,0.34056255126929863,7.410805907840919e-05,0.13147176083563783,0.5636378842589004,106.22132055311994,4,0,4
1.7113554534338562,True,7,1950,year,0.47170664735650136,0.27457631155798495,-15.22116572134152,0.022831153866985105,0.7182554832928265,2.5718212787691405e-05,0.040716759616111355,0.6009834823320154,76.9586070290712,0,1,4
9.661203362315074,False,6,1950,year,0.4453910232410125,0.4081093738321471,-6.1490079443760655,0.08790415409046459,0.31660533698140014,0.00010981783129283094,0.25936628272243106,0.39820657472902987,90.00221377521913,5,0,4
0.5178054470374763,False,10,2010,year,0.4200999765984113,0.39009769474374,-5.423753326381236,0.042918066412119524,0.7934393424358291,8.349653577071492e-06,0.22770081523600652,0.4653591275813671,117.85899220230777,8,1,4
1.459963518983101,False,12,2020,month,0.3284615562470665,0.2601086421997777,-19.83093931119047,0.032695679025810845,0.2382391777345481,5.8309834093180395e-05,0.03757673285185209,0.7171320780665129,119.53423372681132,1,0,4
0.42155499762948745,False,9,2020,year,0.6008349828875009,0.5731519871205059,-15.247554300962051,0.005272387242125095,0.804408768157553,1.78369486599447e-05,0.10337169828760896,0.7278914463576733,121.12877668510336,6,0,4
9.051666390027533,False,1,1960,year,0.560244497143544,0.3728963025915808,-18.082646275450394,0.040010886352707636,0.4679851572194606,2.0390364488911204e-05,0.013643119605624348,0.496624783514925,115.06419735526995,5,0,4
7.344167975063479,False,4,1950,month,0.6358244298721865,0.28751538782070035,-13.850119672034491,0.0053604242386299525,0.23878106377167427,2.2601510673366606e-05,0.10700171221675515,0.5370450301801131,101.14269753055976,4,1,4
1.0441457952152111,False,9,2020,year,0.5066863778405561,0.4858242831410157,-11.017189848951803,0.017685552317855405,0.7002322658447236,4.8891257309172806e-05,0.05506680271369954,0.39329899086959147,113.9108172107887,3,1,4
3.775669586653701,False,4,2010,month,0.6585511042969144,0.34747370115061027,-17.84822609849265,0.006627717807499285,0.5881606687853215,5.250477068702344e-06,0.2674105440454702,0.5909694598750189,106.25585106104229,3,0,4
5.948194254237275,False,10,1990,year,0.4485787368903856,0.4229428072869109,-15.209299065626565,0.050649469447600404,0.5818392657097778,5.071547711457593e-05,0.29543463437744777,0.2742418249544642,82.48436803849631,5,1,4
2.8354632624027785,False,3,1970,year,0.4742329206530719,0.5181341114915622,-15.619786860407492,0.009932543850816196,0.5498059937891664,7.168405591360868e-05,0.1417673377962014,0.38080540755546266,99.55170017978824,3,1,4
2.6399779356788113,False,9,1970,month,0.6797175513991355,0.1575508323921421,-9.56366335300528,0.021386012575452445,0.5262094524390212,6.602817831082568e-05,0.4876720688660861,0.541933217748845,132.7908246233805,4,1,4
0.9690696590326611,False,2,1990,year,0.6218267184303015,0.1828946327036789,-10.253278314818747,0.09719041119814659,0.416059149627302,4.8253639797438635e-05,0.0766732646244014,0.49207830037424943,146.76588304109887,5,1,4
0.34204149166229253,False,4,1980,month,0.6259143069079076,0.4055973189029068,-14.208687766686266,0.009827806465396601,0.5066237480830041,0.00018272619379891482,0.17925781397821455,0.5449598999415528,128.02550088237376,4,0,4
7.96293128818083,False,6,2010,year,0.2884155069864601,0.07745483902844148,-9.71589563930301,0.030481858468283662,0.5668329911849888,1.5703597946105643e-05,0.22210217327465975,0.4743756988171658,145.87395521984828,6,1,4
8.073710496769493,False,2,2020,year,0.5395317744894357,0.23582054591691806,-13.333400422936327,0.02336930488527234,0.2990838512334359,7.046060711557683e-05,0.11513288316727101,0.195053956902678,116.70777220269916,8,1,4
3.5093447181900967,False,8,2010,day,0.6372281951988339,0.28784328709133955,-11.958275551630265,0.0007864826126123015,0.6614619859341119,6.404948548865706e-06,0.07000470093384793,0.7041383959721109,149.84752169405078,9,0,4
1.4491627843396337,False,8,1990,month,0.5802269251913301,0.16777798203567232,-2.2327395485073147,0.06767635128160474,0.44954636804770076,7.381413104392162e-06,0.3064712198951462,0.45575144849228594,156.0897688065716,6,1,4
1.5034866553407538,False,1,1930,month,0.6249087861574307,0.4884983656948521,-3.8976947410482605,0.003076448395762996,0.21699176994115832,8.530010754242492e-05,0.11949191776907313,0.49739102473992475,80.33061003927624,6,1,4
4.530629004044913,False,12,2000,year,0.6909957433141554,0.44304895102931746,-17.09790618463799,0.02764637762640354,0.5224473401312617,8.34753199441488e-05,0.11918065005793045,0.7310326262121771,119.42986614265665,3,1,4
7.959340721875383,False,3,1920,month,0.3377555583344379,0.6142985563646247,-6.451337910604127,0.03536850280010407,0.5579356589366021,0.0002104008967430954,0.08971349609922469,0.6439945981484482,116.72860378175085,0,0,4
7.633963992888146,False,10,1990,year,0.4422190004407345,0.23616441415129777,-6.543017227542039,0.042570364255755944,0.40746139963452954,8.161596360639148e-05,0.09818748090776075,0.7450567242431394,106.51792368831802,7,0,4
5.297467671758161,False,9,2020,year,0.7108798019624629,0.3536272029849489,-16.34131644376309,0.05017147963045914,0.4004163635455904,0.0003213664935287522,0.1958008431603715,0.47822939957815186,124.83831076302774,3,1,4
